{"cameraMode":{"drawMode":0,"name":"Shaded","section":"Shading Mode"},"sceneLighting":false,"audioPlay":false,"sceneViewState":{"m_AlwaysRefresh":false,"showFog":true,"showSkybox":false,"showFlares":true,"showImageEffects":true,"showParticleSystems":true,"showVisualEffectGraphs":true,"m_FxEnabled":true},"in2DMode":false,"pivot":{"x":0.10777139663696289,"y":0.4276849627494812,"z":-0.15679167211055757},"rotation":{"x":-0.07595305144786835,"y":0.7411750555038452,"z":-0.08509466797113419,"w":-0.6615567803382874},"size":1.5286672115325928,"orthographic":false}